filename,width,height,class,xmin,ymin,xmax,ymax
00000.png,1360,800,11,774,411,815,446
00001.png,1360,800,40,983,388,1024,432
00001.png,1360,800,38,386,494,442,552
00001.png,1360,800,13,973,335,1031,390
00002.png,1360,800,39,892,476,1006,592
00003.png,1360,800,4,742,443,765,466
00003.png,1360,800,9,742,466,764,489
00003.png,1360,800,21,737,412,769,443
00004.png,1360,800,21,898,342,967,409
00004.png,1360,800,2,906,407,955,459
00005.png,1360,800,9,1172,164,1284,278
00006.png,1360,800,2,926,350,989,414
00007.png,1360,800,9,825,406,864,445
00008.png,1360,800,2,785,460,811,486
00008.png,1360,800,12,779,424,816,461
00009.png,1360,800,4,925,466,949,490
00010.png,1360,800,12,1193,358,1269,436
00011.png,1360,800,1,720,338,770,398
00011.png,1360,800,21,710,265,780,342
00012.png,1360,800,1,979,364,1034,418
00013.png,1360,800,2,1043,281,1120,356
00014.png,1360,800,21,712,492,732,511
00015.png,1360,800,25,770,426,808,462
00016.png,1360,800,12,901,421,959,478
00017.png,1360,800,30,908,302,1031,408
00017.png,1360,800,11,575,495,598,515
00018.png,1360,800,4,950,455,981,486
00019.png,1360,800,12,838,366,896,422
00019.png,1360,800,2,845,423,888,465
00020.png,1360,800,23,825,428,862,463
00021.png,1360,800,27,825,388,877,437
00022.png,1360,800,27,667,472,692,497
00023.png,1360,800,1,998,292,1074,371
00023.png,1360,800,23,46,350,136,444
00023.png,1360,800,23,945,435,1006,492
00024.png,1360,800,13,112,463,143,492
00025.png,1360,800,13,731,422,772,459
00025.png,1360,800,40,734,463,767,497
00026.png,1360,800,1,453,411,492,451
00027.png,1360,800,2,969,386,1024,441
00027.png,1360,800,2,102,375,157,430
00028.png,1360,800,25,775,399,833,453
00028.png,1360,800,35,391,468,417,494
00029.png,1360,800,15,1091,393,1133,436
00030.png,1360,800,38,394,511,420,537
00031.png,1360,800,25,763,426,812,473
00031.png,1360,800,12,597,456,628,488
00032.png,1360,800,13,678,443,707,469
00032.png,1360,800,33,683,469,703,493
00033.png,1360,800,38,22,505,88,571
00034.png,1360,800,28,866,430,899,460
00035.png,1360,800,38,264,475,302,514
00035.png,1360,800,13,678,439,714,474
00036.png,1360,800,12,1133,393,1164,424
00036.png,1360,800,35,1138,424,1163,450
00037.png,1360,800,38,668,527,690,548
00038.png,1360,800,12,1120,444,1142,464
00039.png,1360,800,12,938,167,1022,251
00039.png,1360,800,35,953,252,1015,313
00040.png,1360,800,33,1040,310,1130,400
00040.png,1360,800,13,1017,202,1141,313
00041.png,1360,800,38,997,484,1031,517
00042.png,1360,800,18,916,300,995,374
00043.png,1360,800,12,1036,296,1097,357
00043.png,1360,800,36,1047,357,1092,402
00043.png,1360,800,35,110,444,143,480
00044.png,1360,800,12,752,403,782,433
00045.png,1360,800,38,178,504,240,597
00046.png,1360,800,12,1045,126,1166,247
00047.png,1360,800,26,553,462,579,488
00048.png,1360,800,40,780,443,811,474
00048.png,1360,800,13,771,405,815,443
00048.png,1360,800,38,341,523,380,562
00049.png,1360,800,37,993,397,1025,430
00049.png,1360,800,12,985,354,1028,397
00050.png,1360,800,34,946,373,967,400
00050.png,1360,800,13,941,339,972,372
00051.png,1360,800,12,968,218,1037,287
00052.png,1360,800,36,833,352,870,389
00052.png,1360,800,12,829,281,879,331
00053.png,1360,800,15,1156,333,1196,372
00053.png,1360,800,35,766,438,799,471
00054.png,1360,800,27,1113,436,1152,473
00054.png,1360,800,0,1117,473,1146,502
00054.png,1360,800,12,974,442,999,467
00054.png,1360,800,38,456,520,476,540
00055.png,1360,800,25,702,413,747,455
00056.png,1360,800,1,729,436,760,467
00057.png,1360,800,1,990,418,1036,467
00058.png,1360,800,12,786,394,824,435
00059.png,1360,800,12,793,400,854,461
00060.png,1360,800,38,296,508,323,535
00060.png,1360,800,2,819,441,842,464
00061.png,1360,800,2,1224,333,1285,394
00062.png,1360,800,12,826,469,848,492
00063.png,1360,800,9,815,499,837,521
00064.png,1360,800,2,786,447,808,470
00065.png,1360,800,9,973,377,1022,427
00066.png,1360,800,38,569,483,618,535
00067.png,1360,800,9,949,435,979,465
00068.png,1360,800,13,849,458,872,479
00069.png,1360,800,2,817,459,838,480
00070.png,1360,800,23,946,300,1026,373
00071.png,1360,800,24,788,437,828,473
00071.png,1360,800,1,794,474,822,502
00071.png,1360,800,9,794,503,821,529
00072.png,1360,800,4,836,456,858,478
00073.png,1360,800,23,723,431,752,457
00073.png,1360,800,2,727,457,748,477
00073.png,1360,800,9,727,476,749,497
00073.png,1360,800,23,425,428,456,455
00073.png,1360,800,2,430,453,452,475
00073.png,1360,800,9,432,475,452,495
00074.png,1360,800,38,383,527,421,569
00074.png,1360,800,14,439,401,488,452
00074.png,1360,800,14,929,378,981,431
00075.png,1360,800,23,1120,350,1187,409
00075.png,1360,800,4,1131,409,1179,456
00076.png,1360,800,21,784,440,819,472
00076.png,1360,800,2,789,471,815,495
00077.png,1360,800,20,951,348,1015,408
00077.png,1360,800,9,962,408,1011,455
00078.png,1360,800,29,1211,206,1319,305
00078.png,1360,800,13,800,462,821,483
00079.png,1360,800,11,762,459,792,489
00080.png,1360,800,9,829,381,880,432
00081.png,1360,800,13,966,228,1044,299
00081.png,1360,800,38,233,499,249,521
00082.png,1360,800,38,247,492,331,580
00083.png,1360,800,13,1054,208,1152,296
00083.png,1360,800,40,1071,297,1142,368
00084.png,1360,800,38,707,523,734,551
00085.png,1360,800,1,846,429,875,458
00086.png,1360,800,12,944,298,1007,361
00087.png,1360,800,6,912,435,946,470
00087.png,1360,800,6,306,421,340,456
00088.png,1360,800,10,956,464,982,490
00088.png,1360,800,10,410,464,436,490
00088.png,1360,800,8,412,440,436,464
00088.png,1360,800,8,956,440,981,464
00089.png,1360,800,5,1025,438,1054,468
00089.png,1360,800,5,634,447,660,474
00090.png,1360,800,13,966,428,1007,464
00091.png,1360,800,13,869,443,899,471
00091.png,1360,800,13,1056,377,1096,414
00091.png,1360,800,13,509,382,553,422
00092.png,1360,800,13,718,440,739,462
00092.png,1360,800,12,420,419,447,446
00092.png,1360,800,35,423,449,444,470
00093.png,1360,800,1,344,397,379,436
00093.png,1360,800,1,1076,339,1119,389
00094.png,1360,800,16,946,370,995,419
00094.png,1360,800,16,113,316,189,392
00095.png,1360,800,1,698,461,719,481
00095.png,1360,800,19,695,437,723,461
00096.png,1360,800,17,699,396,738,435
00096.png,1360,800,17,1140,420,1176,458
00097.png,1360,800,13,1125,338,1168,378
00097.png,1360,800,13,288,328,334,368
00097.png,1360,800,38,148,446,196,499
00098.png,1360,800,13,1206,244,1296,323
00098.png,1360,800,13,594,286,668,353
00099.png,1360,800,20,910,495,953,533
00100.png,1360,800,30,413,507,451,541
00100.png,1360,800,30,863,505,902,540
00101.png,1360,800,5,835,406,891,461
00102.png,1360,800,13,933,314,990,365
00102.png,1360,800,34,945,374,984,415
00103.png,1360,800,36,855,396,890,431
00103.png,1360,800,12,847,349,897,397
00104.png,1360,800,25,767,462,808,499
00104.png,1360,800,13,695,461,730,492
00105.png,1360,800,18,256,438,303,484
00105.png,1360,800,26,958,378,1024,440
00106.png,1360,800,25,902,369,985,443
00107.png,1360,800,25,486,485,540,537
00107.png,1360,800,1,490,536,529,576
00109.png,1360,800,3,990,484,1020,513
00110.png,1360,800,9,929,489,954,513
00111.png,1360,800,3,1091,465,1123,497
00111.png,1360,800,3,350,503,382,535
00112.png,1360,800,3,366,473,399,508
00112.png,1360,800,3,1186,475,1225,514
00113.png,1360,800,10,351,413,419,480
00114.png,1360,800,3,1169,421,1231,484
00115.png,1360,800,14,850,218,950,317
00115.png,1360,800,38,330,523,351,545
00116.png,1360,800,35,1078,254,1136,312
00116.png,1360,800,17,383,473,400,502
00117.png,1360,800,17,99,425,131,466
00117.png,1360,800,38,438,500,496,558
00118.png,1360,800,38,229,505,285,564
00119.png,1360,800,23,847,472,873,496
00119.png,1360,800,12,1082,393,1120,431
00120.png,1360,800,2,58,243,164,345
00121.png,1360,800,7,91,308,185,416
00122.png,1360,800,7,500,496,521,518
00122.png,1360,800,7,883,498,904,520
00123.png,1360,800,7,519,492,550,524
00123.png,1360,800,7,1101,483,1133,516
00124.png,1360,800,4,532,481,558,507
00124.png,1360,800,4,976,470,1002,496
00125.png,1360,800,2,1019,313,1106,401
00126.png,1360,800,2,840,374,868,404
00126.png,1360,800,2,379,365,411,396
00127.png,1360,800,5,138,385,175,423
00127.png,1360,800,5,1009,380,1046,417
00128.png,1360,800,12,1147,397,1180,431
00129.png,1360,800,9,962,379,1008,426
00129.png,1360,800,26,866,399,905,439
00130.png,1360,800,1,209,426,236,453
00130.png,1360,800,1,601,431,626,456
00130.png,1360,800,18,318,439,345,467
00131.png,1360,800,9,1010,430,1034,455
00131.png,1360,800,1,474,389,500,415
00132.png,1360,800,18,314,306,393,377
00133.png,1360,800,12,839,408,861,432
00133.png,1360,800,36,841,432,858,450
00133.png,1360,800,35,505,415,522,432
00134.png,1360,800,1,1008,299,1073,365
00135.png,1360,800,1,718,298,777,356
00136.png,1360,800,11,816,401,857,437
00137.png,1360,800,11,824,324,892,384
00138.png,1360,800,15,157,179,235,268
00138.png,1360,800,15,1302,399,1336,432
00140.png,1360,800,14,247,472,275,501
00141.png,1360,800,2,857,379,894,416
00142.png,1360,800,2,816,454,835,473
00143.png,1360,800,12,241,187,310,256
00144.png,1360,800,4,708,445,727,464
00146.png,1360,800,41,1205,122,1327,246
00146.png,1360,800,28,707,404,732,426
00146.png,1360,800,2,711,427,729,445
00147.png,1360,800,20,750,419,784,452
00148.png,1360,800,30,872,353,943,416
00149.png,1360,800,4,1131,274,1221,361
00149.png,1360,800,12,1110,158,1231,273
00149.png,1360,800,12,703,461,725,483
00150.png,1360,800,2,824,345,865,386
00151.png,1360,800,1,794,372,824,401
00152.png,1360,800,12,605,424,627,447
00153.png,1360,800,35,307,409,338,440
00154.png,1360,800,35,692,410,717,436
00155.png,1360,800,38,425,386,468,431
00156.png,1360,800,9,819,388,848,417
00157.png,1360,800,9,262,423,297,460
00157.png,1360,800,9,885,392,926,432
00157.png,1360,800,38,650,505,671,526
00158.png,1360,800,41,907,414,933,440
00159.png,1360,800,39,974,443,1031,506
00159.png,1360,800,39,713,476,740,503
00159.png,1360,800,38,86,473,117,504
00159.png,1360,800,38,890,466,917,505
00160.png,1360,800,25,610,388,653,428
00161.png,1360,800,34,717,445,735,462
00162.png,1360,800,17,244,430,262,448
00162.png,1360,800,17,713,433,732,452
00162.png,1360,800,17,544,444,562,462
00163.png,1360,800,38,753,473,825,545
00164.png,1360,800,26,874,375,918,416
00165.png,1360,800,1,382,412,399,431
00165.png,1360,800,11,689,292,745,340
00166.png,1360,800,1,814,382,848,416
00167.png,1360,800,2,369,446,392,469
00167.png,1360,800,2,729,433,750,455
00168.png,1360,800,18,693,419,719,442
00169.png,1360,800,2,1089,153,1212,276
00170.png,1360,800,4,912,322,944,358
00171.png,1360,800,4,882,335,932,385
00171.png,1360,800,9,883,385,932,433
00172.png,1360,800,25,712,471,740,495
00172.png,1360,800,1,718,418,737,437
00173.png,1360,800,1,1111,279,1161,329
00174.png,1360,800,28,718,413,753,444
00174.png,1360,800,2,723,443,747,467
00174.png,1360,800,12,801,302,860,364
00175.png,1360,800,9,893,341,944,396
00176.png,1360,800,2,850,414,875,440
00177.png,1360,800,14,271,416,313,458
00177.png,1360,800,14,746,423,785,462
00177.png,1360,800,38,502,451,519,468
00177.png,1360,800,13,1271,402,1308,437
00178.png,1360,800,2,728,456,748,476
00179.png,1360,800,12,686,421,707,440
00180.png,1360,800,2,968,384,1004,421
00181.png,1360,800,4,793,299,853,359
00182.png,1360,800,2,656,412,685,441
00182.png,1360,800,41,658,385,686,414
00183.png,1360,800,19,766,369,806,406
00184.png,1360,800,1,790,273,850,334
00185.png,1360,800,2,967,150,1076,257
00186.png,1360,800,4,603,455,621,474
00186.png,1360,800,4,325,428,345,448
00186.png,1360,800,12,602,433,625,456
00187.png,1360,800,2,675,405,709,439
00187.png,1360,800,2,161,393,194,428
00188.png,1360,800,11,705,379,752,422
00189.png,1360,800,18,853,339,917,394
00190.png,1360,800,35,670,400,689,421
00191.png,1360,800,11,693,406,728,439
00192.png,1360,800,17,492,414,516,437
00192.png,1360,800,1,314,440,334,461
00192.png,1360,800,12,662,262,738,339
00193.png,1360,800,14,727,224,834,331
00194.png,1360,800,28,718,306,787,369
00195.png,1360,800,11,1040,155,1161,268
00195.png,1360,800,18,784,398,820,430
00196.png,1360,800,13,726,316,787,370
00196.png,1360,800,33,734,370,778,416
00196.png,1360,800,38,534,471,558,496
00197.png,1360,800,11,867,278,956,361
00198.png,1360,800,36,681,438,699,456
00198.png,1360,800,14,678,412,702,435
00199.png,1360,800,11,826,322,882,374
00200.png,1360,800,14,840,287,915,364
00200.png,1360,800,34,849,364,901,416
00200.png,1360,800,17,648,410,670,433
00200.png,1360,800,17,257,403,281,428
00201.png,1360,800,13,762,352,812,397
00202.png,1360,800,14,657,319,702,365
00202.png,1360,800,14,56,315,104,363
00203.png,1360,800,0,758,375,784,400
00204.png,1360,800,1,858,151,946,242
00204.png,1360,800,34,730,260,783,316
00205.png,1360,800,25,1202,332,1326,449
00206.png,1360,800,34,61,105,135,178
00206.png,1360,800,33,1159,197,1224,261
00206.png,1360,800,38,827,471,847,493
00206.png,1360,800,13,55,8,164,103
00206.png,1360,800,13,1144,118,1235,196
00207.png,1360,800,25,870,313,942,378
00208.png,1360,800,18,638,239,732,319
00209.png,1360,800,33,1110,287,1170,348
00209.png,1360,800,13,1097,210,1184,287
00210.png,1360,800,35,1017,418,1038,443
00210.png,1360,800,12,1011,385,1043,418
00211.png,1360,800,11,667,410,705,445
00212.png,1360,800,34,293,427,315,450
00212.png,1360,800,12,721,381,749,408
00212.png,1360,800,33,756,402,782,430
00214.png,1360,800,14,1185,130,1295,236
00214.png,1360,800,33,1214,241,1288,312
00215.png,1360,800,39,784,480,804,500
00216.png,1360,800,5,312,442,337,467
00216.png,1360,800,5,886,446,911,472
00217.png,1360,800,1,971,267,1031,328
00218.png,1360,800,33,808,437,827,456
00219.png,1360,800,13,1080,270,1155,340
00219.png,1360,800,33,1089,345,1144,401
00220.png,1360,800,1,1127,285,1168,326
00221.png,1360,800,26,988,420,1042,470
00222.png,1360,800,1,985,354,1022,390
00223.png,1360,800,1,816,334,858,374
00224.png,1360,800,28,932,188,1024,278
00224.png,1360,800,1,923,276,977,341
00224.png,1360,800,9,977,263,1042,333
00225.png,1360,800,1,856,268,924,334
00226.png,1360,800,1,1152,224,1220,290
00227.png,1360,800,18,1228,259,1306,329
00228.png,1360,800,1,937,295,998,356
00229.png,1360,800,28,1282,339,1332,383
00229.png,1360,800,1,1273,384,1305,417
00229.png,1360,800,9,1305,382,1341,414
00230.png,1360,800,1,974,398,1002,426
00230.png,1360,800,28,968,426,1007,463
00231.png,1360,800,1,1146,362,1183,399
00232.png,1360,800,38,589,495,617,524
00232.png,1360,800,13,868,379,910,419
00232.png,1360,800,13,297,420,340,459
00233.png,1360,800,38,325,485,358,517
00234.png,1360,800,1,1051,275,1115,338
00236.png,1360,800,14,1081,274,1199,402
00237.png,1360,800,14,822,361,854,393
00237.png,1360,800,14,290,389,323,422
00238.png,1360,800,18,842,400,881,435
00238.png,1360,800,1,849,443,877,471
00239.png,1360,800,18,788,411,814,436
00239.png,1360,800,1,792,439,812,458
00239.png,1360,800,12,827,412,855,441
00240.png,1360,800,1,847,364,879,396
00241.png,1360,800,2,838,400,880,442
00242.png,1360,800,15,848,388,870,413
00242.png,1360,800,13,1195,267,1302,366
00243.png,1360,800,2,843,447,867,470
00244.png,1360,800,10,491,390,530,429
00244.png,1360,800,10,1238,349,1282,394
00245.png,1360,800,10,477,442,499,464
00245.png,1360,800,10,851,438,874,461
00246.png,1360,800,10,311,381,354,425
00246.png,1360,800,10,1091,354,1134,396
00247.png,1360,800,5,471,453,492,474
00247.png,1360,800,5,856,448,877,469
00248.png,1360,800,5,204,452,229,479
00248.png,1360,800,5,843,429,870,456
00249.png,1360,800,2,1212,419,1244,452
00250.png,1360,800,38,100,423,168,495
00250.png,1360,800,2,907,446,932,471
00251.png,1360,800,38,116,425,208,520
00252.png,1360,800,9,915,389,960,434
00252.png,1360,800,1,910,326,956,372
00253.png,1360,800,9,1186,134,1301,244
00254.png,1360,800,2,1172,270,1237,336
00254.png,1360,800,23,1264,368,1295,398
00255.png,1360,800,38,183,503,260,581
00256.png,1360,800,18,1105,42,1232,153
00257.png,1360,800,25,1237,334,1295,387
00257.png,1360,800,25,1079,388,1119,423
00258.png,1360,800,11,745,469,777,501
00258.png,1360,800,11,346,490,381,522
00259.png,1360,800,1,1202,329,1247,374
00260.png,1360,800,0,720,266,784,330
00261.png,1360,800,35,1150,250,1208,311
00262.png,1360,800,36,894,282,953,341
00262.png,1360,800,12,1042,37,1146,139
00263.png,1360,800,2,646,417,666,437
00264.png,1360,800,4,964,412,988,435
00264.png,1360,800,9,965,435,988,458
00264.png,1360,800,9,509,466,531,488
00265.png,1360,800,24,800,426,831,456
00265.png,1360,800,18,783,446,804,464
00265.png,1360,800,1,805,458,827,480
00266.png,1360,800,18,242,450,293,501
00267.png,1360,800,36,834,380,856,402
00267.png,1360,800,12,859,387,886,414
00268.png,1360,800,2,891,396,917,422
00269.png,1360,800,9,966,430,990,454
00270.png,1360,800,41,1238,331,1291,385
00270.png,1360,800,2,243,335,293,386
00270.png,1360,800,2,1237,279,1291,332
00271.png,1360,800,2,259,369,297,408
00271.png,1360,800,2,1090,341,1130,381
00272.png,1360,800,18,1223,315,1297,385
00272.png,1360,800,18,310,398,377,461
00273.png,1360,800,29,1080,286,1145,343
00274.png,1360,800,0,975,395,1011,430
00275.png,1360,800,33,1196,342,1237,384
00275.png,1360,800,33,206,410,238,445
00276.png,1360,800,29,798,346,845,388
00276.png,1360,800,38,109,464,153,517
00277.png,1360,800,16,1048,399,1071,422
00278.png,1360,800,40,922,389,951,419
00278.png,1360,800,13,915,354,955,390
00279.png,1360,800,38,617,484,673,540
00280.png,1360,800,2,1054,392,1083,422
00280.png,1360,800,12,1131,357,1182,408
00281.png,1360,800,31,982,363,1016,393
00281.png,1360,800,2,984,392,1017,425
00282.png,1360,800,29,869,414,901,444
00283.png,1360,800,4,1177,114,1284,219
00284.png,1360,800,12,980,269,1059,347
00284.png,1360,800,2,993,347,1051,404
00285.png,1360,800,14,1091,304,1146,359
00286.png,1360,800,14,1015,360,1044,389
00287.png,1360,800,2,1113,370,1154,411
00288.png,1360,800,5,413,456,436,479
00288.png,1360,800,5,983,438,1006,462
00289.png,1360,800,6,285,401,326,444
00289.png,1360,800,6,1282,379,1326,424
00290.png,1360,800,5,1294,391,1326,428
00291.png,1360,800,3,1129,384,1165,422
00292.png,1360,800,8,982,422,1011,451
00292.png,1360,800,8,315,447,345,476
00293.png,1360,800,7,28,410,70,456
00293.png,1360,800,7,1143,365,1193,415
00294.png,1360,800,22,101,405,153,453
00294.png,1360,800,22,1173,326,1231,381
00295.png,1360,800,6,1227,364,1272,411
00295.png,1360,800,6,98,417,142,463
00296.png,1360,800,7,460,409,492,442
00296.png,1360,800,7,1237,385,1269,417
00297.png,1360,800,26,1015,444,1042,468
00297.png,1360,800,26,593,443,620,466
00298.png,1360,800,22,1220,168,1327,264
00298.png,1360,800,2,1238,256,1314,331
00298.png,1360,800,11,69,445,107,475
00299.png,1360,800,42,1245,247,1304,306
00300.png,1360,800,25,680,430,710,458
00300.png,1360,800,2,779,420,801,443
00301.png,1360,800,22,1062,260,1131,324
00301.png,1360,800,2,1075,318,1125,368
00302.png,1360,800,42,1123,333,1163,373
00303.png,1360,800,2,1186,385,1215,414
00304.png,1360,800,35,504,385,553,434
00305.png,1360,800,11,765,368,827,422
00305.png,1360,800,18,549,348,597,393
00306.png,1360,800,20,1047,420,1084,455
00306.png,1360,800,20,353,471,389,505
00307.png,1360,800,17,457,474,488,505
00307.png,1360,800,17,795,454,827,487
00307.png,1360,800,22,892,417,934,457
00307.png,1360,800,38,829,453,862,486
00309.png,1360,800,7,180,388,220,431
00309.png,1360,800,7,1159,353,1203,398
00310.png,1360,800,42,285,426,317,459
00310.png,1360,800,42,1150,390,1188,427
00311.png,1360,800,8,616,424,650,458
00311.png,1360,800,8,1295,391,1329,425
00312.png,1360,800,5,122,267,225,379
00312.png,1360,800,22,1226,411,1249,433
00312.png,1360,800,22,677,434,699,453
00313.png,1360,800,6,369,414,424,470
00314.png,1360,800,5,1213,398,1247,434
00314.png,1360,800,5,396,451,429,485
00315.png,1360,800,6,1267,373,1310,419
00315.png,1360,800,6,172,414,213,462
00316.png,1360,800,20,693,413,719,437
00316.png,1360,800,3,696,436,719,458
00316.png,1360,800,20,994,395,1022,420
00316.png,1360,800,3,995,421,1020,445
00317.png,1360,800,32,1122,378,1166,421
00318.png,1360,800,15,631,451,657,477
00318.png,1360,800,38,779,481,800,502
00319.png,1360,800,3,1201,403,1248,450
00319.png,1360,800,3,569,436,612,481
00320.png,1360,800,32,175,438,202,466
00320.png,1360,800,32,921,403,951,434
00322.png,1360,800,5,1166,327,1209,370
00322.png,1360,800,5,338,406,381,449
00323.png,1360,800,10,398,437,425,464
00323.png,1360,800,10,854,438,881,466
00330.png,1360,800,2,1050,313,1116,381
00333.png,1360,800,14,116,414,176,477
00333.png,1360,800,14,753,387,808,445
00334.png,1360,800,15,323,452,369,498
00334.png,1360,800,2,760,435,797,472
00337.png,1360,800,12,901,408,932,438
00338.png,1360,800,26,504,397,538,427
00338.png,1360,800,2,505,425,536,453
00338.png,1360,800,26,998,397,1031,426
00338.png,1360,800,2,1000,426,1029,453
00339.png,1360,800,1,627,442,660,476
00339.png,1360,800,12,969,414,1021,463
00340.png,1360,800,14,827,543,851,567
00340.png,1360,800,33,827,521,852,546
00340.png,1360,800,14,827,543,851,567
00341.png,1360,800,13,923,465,997,533
00343.png,1360,800,15,802,531,829,558
00343.png,1360,800,15,483,507,512,536
00344.png,1360,800,12,799,413,879,494
00346.png,1360,800,5,291,541,321,571
00346.png,1360,800,5,883,542,911,570
00347.png,1360,800,30,913,545,970,597
00348.png,1360,800,5,952,524,990,562
00349.png,1360,800,10,53,455,114,514
00349.png,1360,800,10,1244,465,1312,534
00350.png,1360,800,10,475,543,508,576
00350.png,1360,800,10,1092,542,1125,573
00351.png,1360,800,5,511,533,538,560
00352.png,1360,800,6,969,549,996,576
00352.png,1360,800,6,528,553,555,580
00353.png,1360,800,10,836,554,860,578
00353.png,1360,800,10,456,559,477,581
00355.png,1360,800,10,474,537,507,570
00356.png,1360,800,30,946,520,1004,573
00356.png,1360,800,30,249,499,310,555
00357.png,1360,800,10,1095,524,1130,560
00357.png,1360,800,10,463,528,500,565
00358.png,1360,800,8,316,490,374,549
00359.png,1360,800,8,879,559,903,583
00359.png,1360,800,8,467,560,492,585
00360.png,1360,800,8,1032,484,1076,528
00360.png,1360,800,8,253,502,296,545
00362.png,1360,800,30,252,470,370,574
00363.png,1360,800,8,407,483,450,526
00363.png,1360,800,10,409,525,453,568
00366.png,1360,800,8,517,530,540,553
00366.png,1360,800,10,518,553,541,576
00366.png,1360,800,8,988,550,1014,573
00366.png,1360,800,10,988,574,1015,597
00367.png,1360,800,8,1028,501,1068,541
00367.png,1360,800,10,1028,542,1071,583
00367.png,1360,800,8,230,488,274,530
00367.png,1360,800,10,235,533,276,573
00368.png,1360,800,8,382,460,431,510
00368.png,1360,800,10,378,509,431,561
00369.png,1360,800,8,521,544,542,564
00369.png,1360,800,10,520,564,543,585
00369.png,1360,800,8,874,532,895,551
00369.png,1360,800,10,875,550,896,571
00370.png,1360,800,8,880,536,904,559
00370.png,1360,800,10,880,558,907,584
00370.png,1360,800,8,440,531,467,554
00370.png,1360,800,10,442,553,468,578
00371.png,1360,800,5,316,521,372,577
00372.png,1360,800,4,974,486,1017,529
00373.png,1360,800,4,164,517,195,548
00373.png,1360,800,4,819,511,853,545
00374.png,1360,800,13,999,527,1031,560
00374.png,1360,800,12,671,563,696,589
00375.png,1360,800,13,1229,521,1255,545
00376.png,1360,800,6,266,487,309,530
00376.png,1360,800,6,989,510,1031,552
00377.png,1360,800,8,1133,504,1172,543
00377.png,1360,800,8,239,490,278,531
00377.png,1360,800,10,1133,543,1172,582
00377.png,1360,800,10,236,532,277,573
00378.png,1360,800,10,23,362,142,480
00378.png,1360,800,8,22,242,145,362
00379.png,1360,800,8,186,458,232,504
00379.png,1360,800,10,1064,488,1112,536
00379.png,1360,800,10,185,503,232,550
00379.png,1360,800,8,1062,442,1109,489
00380.png,1360,800,10,551,559,575,583
00380.png,1360,800,10,953,564,976,587
00380.png,1360,800,8,952,540,975,563
00380.png,1360,800,8,551,535,575,559
00382.png,1360,800,8,445,490,485,530
00382.png,1360,800,10,446,529,485,568
00382.png,1360,800,8,1209,496,1248,535
00382.png,1360,800,10,1211,533,1250,572
00383.png,1360,800,30,527,546,561,575
00383.png,1360,800,30,988,542,1021,571
00384.png,1360,800,8,1199,416,1263,480
00384.png,1360,800,10,1202,479,1267,544
00385.png,1360,800,8,977,529,1016,568
00385.png,1360,800,8,267,531,307,571
00386.png,1360,800,10,555,561,580,586
00386.png,1360,800,10,977,550,1000,573
00387.png,1360,800,30,411,499,477,563
00387.png,1360,800,30,1185,484,1251,547
00388.png,1360,800,13,1274,497,1346,561
00390.png,1360,800,8,455,502,503,550
00390.png,1360,800,8,1219,494,1265,541
00391.png,1360,800,6,1260,502,1304,551
00391.png,1360,800,6,198,508,247,558
00392.png,1360,800,7,358,443,423,512
00393.png,1360,800,23,278,484,373,571
00395.png,1360,800,6,201,519,241,561
00395.png,1360,800,6,903,519,938,555
00396.png,1360,800,7,192,484,238,531
00396.png,1360,800,7,998,468,1046,516
00397.png,1360,800,10,949,559,983,593
00397.png,1360,800,4,947,524,982,559
00398.png,1360,800,26,769,517,796,540
00398.png,1360,800,4,771,538,795,560
00398.png,1360,800,10,772,558,796,582
00400.png,1360,800,26,1236,480,1290,528
00401.png,1360,800,4,420,496,461,537
00401.png,1360,800,4,1122,497,1163,538
00402.png,1360,800,42,1094,500,1132,538
00403.png,1360,800,42,568,563,591,587
00403.png,1360,800,42,940,558,966,584
00403.png,1360,800,4,568,540,592,564
00403.png,1360,800,4,939,532,965,559
00404.png,1360,800,4,335,415,396,476
00404.png,1360,800,4,1255,415,1312,472
00405.png,1360,800,4,1255,470,1309,525
00405.png,1360,800,4,355,444,411,499
00405.png,1360,800,12,1249,397,1317,470
00406.png,1360,800,18,520,554,551,581
00406.png,1360,800,18,852,544,879,570
00406.png,1360,800,30,1046,503,1097,551
00406.png,1360,800,30,284,514,333,559
00408.png,1360,800,18,128,463,212,539
00408.png,1360,800,18,1132,479,1210,549
00410.png,1360,800,38,367,615,423,671
00411.png,1360,800,38,185,602,238,662
00411.png,1360,800,17,110,557,139,588
00411.png,1360,800,17,496,552,529,587
00412.png,1360,800,7,1002,499,1047,545
00413.png,1360,800,3,1038,480,1084,529
00414.png,1360,800,3,1032,421,1078,468
00415.png,1360,800,9,827,549,849,571
00416.png,1360,800,3,813,505,851,543
00417.png,1360,800,18,29,448,129,539
00418.png,1360,800,22,455,537,488,566
00418.png,1360,800,8,460,563,482,585
00419.png,1360,800,7,979,489,1025,537
00420.png,1360,800,3,828,542,851,565
00420.png,1360,800,3,361,548,383,570
00421.png,1360,800,13,946,554,976,581
00422.png,1360,800,23,599,567,624,591
00423.png,1360,800,25,365,469,451,547
00423.png,1360,800,25,1151,445,1245,533
00425.png,1360,800,5,302,503,342,543
00425.png,1360,800,5,900,500,941,541
00425.png,1360,800,10,302,543,342,583
00425.png,1360,800,10,903,541,944,582
00426.png,1360,800,25,1077,391,1197,502
00427.png,1360,800,5,294,383,388,479
00428.png,1360,800,7,325,548,353,576
00428.png,1360,800,7,937,543,966,572
00430.png,1360,800,13,929,414,1008,488
00431.png,1360,800,8,275,527,314,564
00431.png,1360,800,8,1141,496,1179,536
00432.png,1360,800,8,237,560,263,586
00432.png,1360,800,8,942,512,970,540
00433.png,1360,800,25,510,529,566,583
00434.png,1360,800,5,167,194,257,286
00435.png,1360,800,9,834,535,862,564
00436.png,1360,800,5,794,531,816,553
00438.png,1360,800,41,533,559,554,580
00438.png,1360,800,41,841,556,862,577
00439.png,1360,800,8,1194,504,1251,564
00440.png,1360,800,23,1243,492,1324,562
00441.png,1360,800,8,1063,531,1112,580
00443.png,1360,800,18,817,550,847,578
00443.png,1360,800,8,823,579,843,598
00443.png,1360,800,18,470,551,502,578
00443.png,1360,800,8,477,578,497,596
00444.png,1360,800,20,379,528,427,573
00444.png,1360,800,20,964,531,1009,573
00444.png,1360,800,7,389,569,419,600
00444.png,1360,800,7,972,572,1001,601
00445.png,1360,800,5,1021,498,1066,544
00445.png,1360,800,5,213,519,254,561
00446.png,1360,800,17,401,507,441,544
00446.png,1360,800,17,767,497,803,530
00446.png,1360,800,38,774,568,807,601
00447.png,1360,800,13,1182,418,1268,495
00448.png,1360,800,38,581,598,602,620
00449.png,1360,800,13,212,468,254,507
00449.png,1360,800,13,812,448,853,486
00450.png,1360,800,11,1104,359,1181,429
00451.png,1360,800,11,790,558,819,585
00452.png,1360,800,25,876,543,914,578
00453.png,1360,800,28,1215,332,1302,407
00453.png,1360,800,11,895,497,922,524
00453.png,1360,800,28,224,407,279,457
00455.png,1360,800,11,1094,362,1184,442
00456.png,1360,800,3,421,414,476,470
00457.png,1360,800,2,1243,418,1301,475
00457.png,1360,800,2,517,466,554,504
00458.png,1360,800,12,989,493,1018,525
00459.png,1360,800,25,877,515,912,548
00459.png,1360,800,1,884,548,909,573
00460.png,1360,800,12,829,456,859,484
00460.png,1360,800,33,831,481,862,512
00461.png,1360,800,12,1231,264,1302,331
00463.png,1360,800,38,555,628,585,659
00465.png,1360,800,13,1241,315,1331,395
00466.png,1360,800,13,1215,399,1267,443
00466.png,1360,800,13,514,468,548,497
00466.png,1360,800,35,1226,440,1263,475
00466.png,1360,800,34,519,494,543,518
00467.png,1360,800,3,1132,501,1168,537
00468.png,1360,800,3,1128,506,1165,544
00470.png,1360,800,1,823,489,847,513
00470.png,1360,800,13,904,514,938,549
00470.png,1360,800,12,1135,218,1248,331
00471.png,1360,800,12,789,491,817,520
00472.png,1360,800,12,880,500,925,544
00473.png,1360,800,10,507,532,540,565
00473.png,1360,800,10,1152,506,1184,538
00474.png,1360,800,7,1242,549,1274,581
00474.png,1360,800,7,514,569,545,600
00475.png,1360,800,7,1233,468,1310,543
00476.png,1360,800,7,163,518,199,555
00476.png,1360,800,7,1152,523,1187,558
00477.png,1360,800,5,298,506,338,546
00478.png,1360,800,5,921,470,963,512
00478.png,1360,800,5,218,483,258,523
00479.png,1360,800,13,982,498,1025,539
00479.png,1360,800,40,990,539,1020,569
00480.png,1360,800,2,1055,444,1103,492
00481.png,1360,800,18,908,502,944,535
00482.png,1360,800,12,732,526,768,564
00482.png,1360,800,17,260,528,296,570
00482.png,1360,800,17,283,564,303,590
00482.png,1360,800,13,1055,566,1071,587
00483.png,1360,800,7,150,510,203,563
00483.png,1360,800,7,1182,531,1232,583
00484.png,1360,800,16,339,509,372,542
00484.png,1360,800,16,1002,529,1035,563
00485.png,1360,800,16,203,377,278,454
00486.png,1360,800,7,410,519,465,574
00487.png,1360,800,38,625,606,644,625
00488.png,1360,800,38,494,611,516,633
00490.png,1360,800,13,842,516,870,539
00490.png,1360,800,38,644,596,668,620
00490.png,1360,800,40,847,536,867,556
00491.png,1360,800,38,430,568,488,637
00492.png,1360,800,11,893,528,923,557
00493.png,1360,800,18,910,450,966,501
00494.png,1360,800,1,1113,300,1211,395
00496.png,1360,800,8,511,494,552,536
00496.png,1360,800,10,509,535,550,576
00497.png,1360,800,38,392,611,425,651
00498.png,1360,800,38,249,586,298,634
00498.png,1360,800,17,248,482,292,526
00499.png,1360,800,13,1009,497,1056,539
00500.png,1360,800,5,952,499,1000,546
00501.png,1360,800,4,943,557,962,577
00501.png,1360,800,4,610,558,628,577
00501.png,1360,800,17,120,282,227,386
00501.png,1360,800,38,107,637,216,748
00502.png,1360,800,17,57,556,85,584
00502.png,1360,800,17,579,555,606,582
00502.png,1360,800,38,558,577,592,611
00503.png,1360,800,38,354,579,423,650
00504.png,1360,800,38,379,595,410,627
00505.png,1360,800,12,1052,480,1092,521
00507.png,1360,800,11,878,473,933,524
00507.png,1360,800,38,657,587,673,605
00508.png,1360,800,11,865,495,908,534
00509.png,1360,800,11,833,487,877,527
00512.png,1360,800,5,230,486,270,522
00512.png,1360,800,5,1139,490,1179,530
00513.png,1360,800,7,142,501,197,556
00514.png,1360,800,10,381,511,418,548
00514.png,1360,800,10,1168,491,1206,530
00515.png,1360,800,3,257,361,333,435
00516.png,1360,800,34,240,275,298,333
00517.png,1360,800,10,271,422,345,496
00518.png,1360,800,7,451,526,499,574
00519.png,1360,800,7,454,531,507,584
00520.png,1360,800,10,380,507,436,565
00521.png,1360,800,7,377,574,405,604
00521.png,1360,800,7,946,565,976,595
00523.png,1360,800,10,1285,512,1330,555
00523.png,1360,800,10,455,515,502,562
00524.png,1360,800,7,187,530,241,584
00524.png,1360,800,7,1219,528,1271,580
00527.png,1360,800,10,874,426,904,456
00527.png,1360,800,10,359,420,389,450
00528.png,1360,800,7,985,339,1026,380
00528.png,1360,800,7,166,415,205,455
00530.png,1360,800,10,425,401,460,435
00530.png,1360,800,10,1010,401,1043,434
00531.png,1360,800,10,484,443,504,463
00531.png,1360,800,10,909,431,931,453
00536.png,1360,800,17,27,428,57,458
00536.png,1360,800,17,327,452,353,478
00536.png,1360,800,38,724,479,740,495
00542.png,1360,800,12,842,440,866,464
00544.png,1360,800,11,1054,297,1122,358
00544.png,1360,800,25,990,425,1028,459
00544.png,1360,800,1,744,438,762,458
00545.png,1360,800,15,213,435,247,474
00548.png,1360,800,14,775,432,811,468
00548.png,1360,800,36,782,469,807,494
00551.png,1360,800,16,937,465,966,493
00552.png,1360,800,8,537,512,554,529
00552.png,1360,800,10,538,528,554,544
00552.png,1360,800,8,814,508,832,526
00552.png,1360,800,10,815,525,831,541
00554.png,1360,800,18,947,472,984,507
00556.png,1360,800,38,1195,499,1253,557
00557.png,1360,800,23,273,462,317,502
00557.png,1360,800,13,458,461,506,508
00560.png,1360,800,3,1039,173,1099,233
00564.png,1360,800,11,755,368,799,408
00565.png,1360,800,12,731,336,764,370
00566.png,1360,800,9,655,395,689,429
00566.png,1360,800,9,124,419,156,451
00566.png,1360,800,38,461,489,481,508
00567.png,1360,800,22,1050,409,1109,460
00570.png,1360,800,9,881,416,914,449
00571.png,1360,800,17,1287,361,1308,384
00575.png,1360,800,38,403,474,435,506
00593.png,1360,800,38,584,510,608,534
00599.png,1360,800,9,700,454,722,476
00601.png,1360,800,7,82,450,145,508
00602.png,1360,800,8,1268,555,1299,586
00602.png,1360,800,8,443,543,474,574
00603.png,1360,800,10,361,445,417,500
00604.png,1360,800,30,365,482,437,546
00605.png,1360,800,4,167,511,206,550
00605.png,1360,800,4,846,501,881,535
00606.png,1360,800,42,853,501,887,535
00607.png,1360,800,24,888,472,950,526
00608.png,1360,800,12,948,370,1001,420
00609.png,1360,800,4,809,507,841,539
00609.png,1360,800,4,310,512,343,546
00610.png,1360,800,12,912,525,939,553
00610.png,1360,800,4,917,553,938,574
00611.png,1360,800,4,839,488,872,521
00611.png,1360,800,10,840,520,873,552
00612.png,1360,800,38,127,521,218,612
00612.png,1360,800,17,170,374,246,451
00613.png,1360,800,5,1132,561,1169,598
00613.png,1360,800,5,478,546,513,581
00615.png,1360,800,18,881,530,926,572
00615.png,1360,800,8,890,572,918,600
00615.png,1360,800,18,375,531,421,574
00615.png,1360,800,8,386,571,413,600
00616.png,1360,800,32,437,558,463,584
00616.png,1360,800,32,876,541,904,569
00619.png,1360,800,13,841,415,880,450
00620.png,1360,800,9,863,425,892,454
00621.png,1360,800,4,782,443,808,469
00622.png,1360,800,22,814,424,860,465
00623.png,1360,800,4,974,374,1034,434
00624.png,1360,800,38,387,505,434,554
00624.png,1360,800,2,821,464,845,488
00625.png,1360,800,2,1037,377,1102,443
00626.png,1360,800,2,857,404,895,442
00626.png,1360,800,9,857,444,893,480
00628.png,1360,800,32,998,276,1085,363
00630.png,1360,800,4,1219,315,1285,385
00631.png,1360,800,4,799,478,834,512
00631.png,1360,800,12,794,434,839,479
00632.png,1360,800,1,101,379,147,424
00633.png,1360,800,38,290,501,360,582
00634.png,1360,800,2,525,371,570,416
00635.png,1360,800,9,826,423,864,461
00637.png,1360,800,11,868,401,916,445
00638.png,1360,800,1,914,374,953,414
00639.png,1360,800,38,289,504,337,553
00640.png,1360,800,4,1105,353,1176,424
00640.png,1360,800,12,1089,257,1187,355
00641.png,1360,800,17,26,425,68,467
00642.png,1360,800,12,860,327,934,401
00642.png,1360,800,38,434,496,457,518
00644.png,1360,800,38,76,514,130,571
00645.png,1360,800,1,1034,311,1090,367
00646.png,1360,800,13,1059,440,1090,469
00646.png,1360,800,13,560,434,590,460
00647.png,1360,800,38,611,515,633,537
00648.png,1360,800,25,346,378,414,439
00649.png,1360,800,12,819,304,866,350
00650.png,1360,800,12,1123,281,1193,350
00650.png,1360,800,38,487,515,508,537
00651.png,1360,800,25,788,339,861,405
00651.png,1360,800,1,800,404,851,456
00653.png,1360,800,35,786,418,808,441
00653.png,1360,800,12,780,380,811,411
00654.png,1360,800,12,1241,301,1297,360
00655.png,1360,800,12,935,322,984,370
00655.png,1360,800,38,544,520,564,540
00656.png,1360,800,15,574,465,599,490
00657.png,1360,800,16,991,400,1026,435
00658.png,1360,800,23,858,340,937,410
00659.png,1360,800,2,993,430,1033,470
00660.png,1360,800,9,943,422,979,458
00661.png,1360,800,2,1138,401,1169,430
00662.png,1360,800,22,948,440,993,481
00663.png,1360,800,13,830,307,896,367
00664.png,1360,800,12,842,393,886,438
00664.png,1360,800,4,849,437,880,468
00665.png,1360,800,23,693,413,742,455
00665.png,1360,800,4,557,471,579,493
00667.png,1360,800,4,737,444,764,471
00668.png,1360,800,2,1083,254,1172,340
00668.png,1360,800,12,1070,139,1187,254
00669.png,1360,800,4,899,393,949,444
00670.png,1360,800,4,997,306,1064,373
00671.png,1360,800,26,839,348,892,394
00671.png,1360,800,2,846,393,883,430
00672.png,1360,800,13,892,325,950,376
00672.png,1360,800,13,123,265,194,328
00673.png,1360,800,11,414,406,474,459
00674.png,1360,800,1,717,371,751,405
00675.png,1360,800,38,641,503,676,538
00675.png,1360,800,13,1008,388,1043,422
00675.png,1360,800,40,1012,421,1037,447
00678.png,1360,800,13,698,403,742,445
00679.png,1360,800,33,720,409,759,450
00679.png,1360,800,14,705,343,768,406
00680.png,1360,800,1,900,394,953,448
00680.png,1360,800,35,367,439,395,467
00681.png,1360,800,1,820,434,846,460
00682.png,1360,800,35,278,426,319,467
00682.png,1360,800,35,885,421,930,466
00682.png,1360,800,38,261,486,290,515
00683.png,1360,800,10,387,455,409,477
00683.png,1360,800,10,889,450,913,475
00685.png,1360,800,38,615,508,659,552
00686.png,1360,800,5,377,437,412,474
00688.png,1360,800,14,850,410,886,446
00688.png,1360,800,14,401,428,434,461
00689.png,1360,800,25,590,488,621,516
00689.png,1360,800,25,890,485,922,514
00690.png,1360,800,4,775,506,799,529
00691.png,1360,800,4,885,492,907,514
00691.png,1360,800,4,469,490,490,512
00692.png,1360,800,15,1050,357,1091,397
00693.png,1360,800,3,984,383,1024,423
00694.png,1360,800,12,808,411,841,443
00695.png,1360,800,12,793,386,824,417
00696.png,1360,800,9,717,446,737,466
00697.png,1360,800,25,944,322,1020,389
00698.png,1360,800,1,737,413,765,442
00699.png,1360,800,1,727,413,756,443
00700.png,1360,800,13,848,348,913,406
00701.png,1360,800,2,1042,396,1088,442
00701.png,1360,800,12,1032,333,1096,396
00702.png,1360,800,12,688,446,707,468
00703.png,1360,800,28,994,311,1051,363
00703.png,1360,800,1,1001,360,1042,401
00704.png,1360,800,2,766,411,793,438
00705.png,1360,800,1,955,343,991,378
00706.png,1360,800,1,866,371,899,402
00707.png,1360,800,4,907,383,943,419
00710.png,1360,800,2,1084,201,1164,283
00712.png,1360,800,9,932,361,984,413
00714.png,1360,800,1,784,313,828,357
00715.png,1360,800,38,285,346,351,412
00716.png,1360,800,4,820,335,869,386
00716.png,1360,800,12,814,266,882,335
00717.png,1360,800,4,835,435,859,459
00719.png,1360,800,2,933,390,969,427
00720.png,1360,800,2,737,429,756,448
00721.png,1360,800,13,901,354,935,385
00722.png,1360,800,23,104,364,164,418
00722.png,1360,800,23,992,330,1049,381
00723.png,1360,800,23,746,360,800,408
00723.png,1360,800,23,180,366,236,414
00723.png,1360,800,4,696,424,717,446
00725.png,1360,800,39,552,599,573,621
00728.png,1360,800,25,498,563,532,596
00729.png,1360,800,3,536,489,570,523
00730.png,1360,800,3,466,443,512,490
00730.png,1360,800,3,1053,517,1083,547
00732.png,1360,800,12,966,528,992,554
00733.png,1360,800,38,442,583,490,632
00733.png,1360,800,4,508,426,543,462
00733.png,1360,800,4,937,523,965,551
00734.png,1360,800,3,1090,450,1166,528
00736.png,1360,800,25,828,550,856,577
00737.png,1360,800,13,603,444,638,476
00737.png,1360,800,13,470,449,507,483
00738.png,1360,800,38,555,605,584,634
00740.png,1360,800,5,1163,510,1213,560
00740.png,1360,800,5,489,513,534,558
00740.png,1360,800,13,1071,554,1094,577
00741.png,1360,800,10,438,558,465,585
00741.png,1360,800,10,972,555,1000,583
00742.png,1360,800,7,334,562,368,596
00742.png,1360,800,7,960,554,995,587
00744.png,1360,800,13,1155,536,1183,564
00746.png,1360,800,8,1135,492,1181,537
00746.png,1360,800,8,235,469,281,515
00746.png,1360,800,10,236,515,280,561
00746.png,1360,800,10,1138,537,1182,579
00747.png,1360,800,6,298,489,345,538
00747.png,1360,800,6,1148,506,1196,553
00749.png,1360,800,5,301,551,346,596
00749.png,1360,800,5,1153,546,1200,593
00751.png,1360,800,13,725,568,755,596
00752.png,1360,800,1,934,448,979,494
00754.png,1360,800,38,728,593,767,632
00755.png,1360,800,12,1084,294,1208,418
00755.png,1360,800,1,852,518,883,549
00755.png,1360,800,38,563,595,593,625
00756.png,1360,800,12,881,524,931,574
00758.png,1360,800,8,982,521,1014,553
00758.png,1360,800,8,374,515,406,547
00758.png,1360,800,10,376,548,407,579
00758.png,1360,800,10,982,553,1015,586
00760.png,1360,800,8,591,538,616,563
00760.png,1360,800,10,591,563,616,587
00760.png,1360,800,8,1023,542,1049,569
00760.png,1360,800,10,1024,568,1048,592
00761.png,1360,800,38,35,541,95,597
00762.png,1360,800,13,334,378,401,438
00762.png,1360,800,13,1154,405,1218,465
00763.png,1360,800,11,865,514,904,547
00764.png,1360,800,11,814,511,851,547
00766.png,1360,800,15,256,495,289,533
00770.png,1360,800,41,1059,503,1095,539
00770.png,1360,800,17,468,535,497,564
00770.png,1360,800,38,526,578,555,607
00771.png,1360,800,18,836,437,870,468
00771.png,1360,800,13,867,478,917,523
00771.png,1360,800,13,153,536,204,583
00772.png,1360,800,18,842,553,864,573
00773.png,1360,800,1,879,514,903,538
00773.png,1360,800,12,1048,430,1094,476
00774.png,1360,800,1,929,516,961,548
00775.png,1360,800,1,884,483,930,529
00776.png,1360,800,1,861,505,893,537
00776.png,1360,800,12,1076,315,1188,427
00776.png,1360,800,38,646,604,667,625
00777.png,1360,800,1,834,526,858,550
00777.png,1360,800,12,916,404,981,469
00778.png,1360,800,39,989,554,1033,599
00779.png,1360,800,24,505,487,553,532
00780.png,1360,800,25,365,468,466,558
00780.png,1360,800,3,1165,572,1227,636
00780.png,1360,800,25,1142,487,1237,575
00780.png,1360,800,3,380,557,444,621
00782.png,1360,800,13,1007,455,1052,497
00782.png,1360,800,13,225,454,279,502
00783.png,1360,800,38,276,568,319,614
00784.png,1360,800,38,31,576,152,701
00785.png,1360,800,34,510,435,542,467
00785.png,1360,800,34,1003,469,1035,501
00785.png,1360,800,13,504,397,548,435
00785.png,1360,800,13,996,428,1040,470
00787.png,1360,800,11,1003,422,1090,497
00787.png,1360,800,18,377,595,393,613
00788.png,1360,800,18,959,501,1042,586
00789.png,1360,800,14,759,516,787,545
00791.png,1360,800,30,906,469,961,519
00791.png,1360,800,4,985,412,1062,489
00794.png,1360,800,12,1032,518,1062,551
00795.png,1360,800,38,168,612,216,663
00797.png,1360,800,37,832,456,866,489
00797.png,1360,800,34,396,494,423,522
00797.png,1360,800,13,391,466,428,500
00797.png,1360,800,13,822,417,868,457
00798.png,1360,800,2,786,545,806,565
00798.png,1360,800,13,1090,445,1162,509
00801.png,1360,800,38,503,446,535,480
00802.png,1360,800,28,596,181,698,269
00802.png,1360,800,1,610,267,683,336
00803.png,1360,800,1,771,232,835,295
00803.png,1360,800,9,772,322,837,387
00805.png,1360,800,28,870,369,914,412
00806.png,1360,800,1,807,407,832,432
00807.png,1360,800,11,823,370,867,408
00808.png,1360,800,38,272,463,315,507
00808.png,1360,800,28,795,264,866,326
00809.png,1360,800,14,689,359,720,392
00810.png,1360,800,11,622,319,692,385
00810.png,1360,800,18,460,385,492,415
00811.png,1360,800,11,702,356,737,389
00813.png,1360,800,33,928,250,1010,333
00813.png,1360,800,13,913,147,1022,250
00816.png,1360,800,18,954,363,1006,410
00817.png,1360,800,11,707,407,751,447
00818.png,1360,800,25,718,430,745,455
00820.png,1360,800,11,1057,254,1169,356
00821.png,1360,800,5,859,444,882,466
00821.png,1360,800,5,333,442,356,466
00822.png,1360,800,11,785,407,818,436
00823.png,1360,800,13,1062,379,1094,408
00823.png,1360,800,40,1068,408,1090,430
00823.png,1360,800,38,805,479,834,508
00824.png,1360,800,15,232,416,267,451
00825.png,1360,800,1,1083,378,1108,404
00827.png,1360,800,14,921,442,960,485
00827.png,1360,800,38,539,473,570,510
00828.png,1360,800,18,860,384,932,450
00829.png,1360,800,1,553,399,576,422
00829.png,1360,800,12,1004,253,1114,373
00831.png,1360,800,1,975,371,1014,410
00833.png,1360,800,1,776,332,822,378
00834.png,1360,800,1,1130,264,1187,325
00835.png,1360,800,11,765,415,793,440
00836.png,1360,800,13,57,363,92,395
00837.png,1360,800,18,1201,368,1262,422
00838.png,1360,800,2,1068,382,1097,411
00838.png,1360,800,2,443,419,470,446
00839.png,1360,800,2,1234,297,1279,342
00839.png,1360,800,9,1234,343,1280,388
00839.png,1360,800,2,303,365,346,409
00839.png,1360,800,9,305,409,348,454
00841.png,1360,800,38,593,482,623,512
00842.png,1360,800,14,1025,227,1086,288
00844.png,1360,800,12,977,332,1013,370
00845.png,1360,800,22,958,414,991,444
00846.png,1360,800,2,374,383,409,418
00846.png,1360,800,2,1091,348,1128,385
00848.png,1360,800,1,982,241,1054,313
00849.png,1360,800,14,398,359,441,412
00849.png,1360,800,33,400,412,435,447
